{"cameraMode":{"drawMode":0,"name":"Shaded","section":"Shading Mode"},"sceneLighting":false,"audioPlay":false,"sceneViewState":{"m_AlwaysRefresh":false,"showFog":true,"showSkybox":true,"showFlares":true,"showImageEffects":true,"showParticleSystems":true,"showVisualEffectGraphs":true,"m_FxEnabled":true},"in2DMode":false,"pivot":{"x":5.325338840484619,"y":1.609529733657837,"z":-6.657804012298584},"rotation":{"x":-0.000771150051150471,"y":0.9874795079231262,"z":-0.15774239599704743,"w":-0.0035098781809210779},"size":5.086730480194092,"orthographic":false}