{"cameraMode":{"drawMode":0,"name":"Shaded","section":"Shading Mode"},"sceneLighting":true,"audioPlay":false,"sceneViewState":{"m_AlwaysRefresh":false,"showFog":true,"showSkybox":true,"showFlares":true,"showImageEffects":true,"showParticleSystems":true,"showVisualEffectGraphs":true,"m_FxEnabled":true},"in2DMode":false,"pivot":{"x":0.5085339546203613,"y":0.7171541452407837,"z":-1.2012267112731934},"rotation":{"x":0.11832781136035919,"y":0.6401600241661072,"z":-0.10068171471357346,"w":0.7523581385612488},"size":3.2037644386291506,"orthographic":false}