{"cameraMode":{"drawMode":0,"name":"Shaded","section":"Shading Mode"},"sceneLighting":true,"audioPlay":false,"sceneViewState":{"m_AlwaysRefresh":false,"showFog":true,"showSkybox":true,"showFlares":true,"showImageEffects":true,"showParticleSystems":true,"showVisualEffectGraphs":true,"m_FxEnabled":true},"in2DMode":false,"pivot":{"x":-13.123254776000977,"y":4.4133405685424809,"z":3.6824610233306886},"rotation":{"x":-0.026087317615747453,"y":-0.9125242829322815,"z":0.05894022807478905,"w":-0.4039061665534973},"size":2.303764581680298,"orthographic":false}