{"cameraMode":{"drawMode":0,"name":"Shaded","section":"Shading Mode"},"sceneLighting":true,"audioPlay":false,"sceneViewState":{"m_AlwaysRefresh":false,"showFog":true,"showSkybox":true,"showFlares":true,"showImageEffects":true,"showParticleSystems":true,"showVisualEffectGraphs":true,"m_FxEnabled":true},"in2DMode":false,"pivot":{"x":-16.309528350830079,"y":-0.16726303100585938,"z":-19.080739974975587},"rotation":{"x":-0.016719788312911989,"y":0.9782304763793945,"z":-0.18711891770362855,"w":-0.0873582512140274},"size":5.59377908706665,"orthographic":false}