{"cameraMode":{"drawMode":0,"name":"Shaded","section":"Shading Mode"},"sceneLighting":false,"audioPlay":false,"sceneViewState":{"m_AlwaysRefresh":false,"showFog":true,"showSkybox":false,"showFlares":true,"showImageEffects":true,"showParticleSystems":true,"showVisualEffectGraphs":true,"m_FxEnabled":true},"in2DMode":false,"pivot":{"x":1.2472816705703736,"y":1.9686665534973145,"z":4.7779541015625},"rotation":{"x":-0.042425982654094699,"y":-0.7637942433357239,"z":0.05049441382288933,"w":-0.6420628428459168},"size":0.13676699995994569,"orthographic":false}