{"cameraMode":{"drawMode":0,"name":"Shaded","section":"Shading Mode"},"sceneLighting":false,"audioPlay":false,"sceneViewState":{"m_AlwaysRefresh":false,"showFog":true,"showSkybox":false,"showFlares":true,"showImageEffects":true,"showParticleSystems":true,"showVisualEffectGraphs":true,"m_FxEnabled":true},"in2DMode":false,"pivot":{"x":-0.3016212582588196,"y":1.5739197731018067,"z":0.18397045135498048},"rotation":{"x":0.02813085727393627,"y":0.9716041088104248,"z":-0.17679990828037263,"w":0.15460196137428285},"size":1.19144868850708,"orthographic":false}