{"cameraMode":{"drawMode":0,"name":"Shaded","section":"Shading Mode"},"sceneLighting":false,"audioPlay":false,"sceneViewState":{"m_AlwaysRefresh":false,"showFog":true,"showSkybox":false,"showFlares":true,"showImageEffects":true,"showParticleSystems":true,"showVisualEffectGraphs":true,"m_FxEnabled":true},"in2DMode":false,"pivot":{"x":0.06555050611495972,"y":0.11003641039133072,"z":0.05660869926214218},"rotation":{"x":-0.055317167192697528,"y":-0.7849286198616028,"z":0.07083794474601746,"w":-0.6130004525184631},"size":0.24350959062576295,"orthographic":false}