{"cameraMode":{"drawMode":0,"name":"Shaded","section":"Shading Mode"},"sceneLighting":false,"audioPlay":false,"sceneViewState":{"m_AlwaysRefresh":false,"showFog":true,"showSkybox":false,"showFlares":true,"showImageEffects":true,"showParticleSystems":true,"showVisualEffectGraphs":true,"m_FxEnabled":true},"in2DMode":false,"pivot":{"x":0.030333787202835084,"y":-0.01854214072227478,"z":0.09508154541254044},"rotation":{"x":-0.14585961401462556,"y":-0.7472614049911499,"z":0.17457178235054017,"w":-0.6243473291397095},"size":0.24350959062576295,"orthographic":false}