{"cameraMode":{"drawMode":0,"name":"Shaded","section":"Shading Mode"},"sceneLighting":false,"audioPlay":false,"sceneViewState":{"m_AlwaysRefresh":false,"showFog":true,"showSkybox":false,"showFlares":true,"showImageEffects":true,"showParticleSystems":true,"showVisualEffectGraphs":true,"m_FxEnabled":true},"in2DMode":false,"pivot":{"x":15.592050552368164,"y":-9.197636604309082,"z":-8.028955459594727},"rotation":{"x":0.12302017956972122,"y":0.8326693773269653,"z":-0.20509390532970429,"w":0.49946144223213198},"size":10.593210220336914,"orthographic":false}