{"cameraMode":{"drawMode":0,"name":"Shaded","section":"Shading Mode"},"sceneLighting":false,"audioPlay":false,"sceneViewState":{"m_AlwaysRefresh":false,"showFog":true,"showSkybox":false,"showFlares":true,"showImageEffects":true,"showParticleSystems":true,"showVisualEffectGraphs":true,"m_FxEnabled":true},"in2DMode":false,"pivot":{"x":0.005256712436676025,"y":1.3006556034088135,"z":-0.07540085911750794},"rotation":{"x":0.0454682856798172,"y":0.954289436340332,"z":-0.20434890687465669,"w":0.2133549451828003},"size":0.9949628710746765,"orthographic":false}