{"cameraMode":{"drawMode":0,"name":"Shaded","section":"Shading Mode"},"sceneLighting":false,"audioPlay":false,"sceneViewState":{"m_AlwaysRefresh":false,"showFog":true,"showSkybox":false,"showFlares":true,"showImageEffects":true,"showParticleSystems":true,"showVisualEffectGraphs":true,"m_FxEnabled":true},"in2DMode":false,"pivot":{"x":0.9888233542442322,"y":0.24209460616111756,"z":0.2828807830810547},"rotation":{"x":-0.07955541461706162,"y":0.7792212963104248,"z":-0.1010906845331192,"w":-0.6134149432182312},"size":0.5107524394989014,"orthographic":false}