{"cameraMode":{"drawMode":0,"name":"Shaded","section":"Shading Mode"},"sceneLighting":false,"audioPlay":false,"sceneViewState":{"m_AlwaysRefresh":false,"showFog":true,"showSkybox":false,"showFlares":true,"showImageEffects":true,"showParticleSystems":true,"showVisualEffectGraphs":true,"m_FxEnabled":true},"in2DMode":false,"pivot":{"x":1.7214828729629517,"y":0.32673683762550356,"z":0.8355287313461304},"rotation":{"x":0.06885029375553131,"y":-0.9043914675712586,"z":0.15980982780456544,"w":0.38963866233825686},"size":0.38229861855506899,"orthographic":false}