{"cameraMode":{"drawMode":0,"name":"Shaded","section":"Shading Mode"},"sceneLighting":false,"audioPlay":false,"sceneViewState":{"m_AlwaysRefresh":false,"showFog":true,"showSkybox":false,"showFlares":true,"showImageEffects":true,"showParticleSystems":true,"showVisualEffectGraphs":true,"m_FxEnabled":true},"in2DMode":false,"pivot":{"x":-0.8877787590026856,"y":1.0993709564208985,"z":0.7584426403045654},"rotation":{"x":0.13047105073928834,"y":0.859411358833313,"z":-0.27150335907936098,"w":0.41295328736305239},"size":0.19377823173999787,"orthographic":false}